,Column 1,Column 2,Column 3,Column 4,Column 5
Column 1,1,,,,
Column 2,0.050550628,1,,,
Column 3,-0.84280272,-0.075796413,1,,
Column 4,-0.907387924,-0.037573668,0.722164815,1,
Column 5,0.952668416,0.007068258,-0.793503507,-0.924007151,1
